Method_Category,Accuracy,Kappa,Roc
SVM CC,0.9850249584026622,0.702655159144632,0.775
SVM D,0.4904564315352697,0.3325087465739953,0.7835994025453895
SVM Y,0.3655115511551155,0.2945322594196415,0.7840789034854244
SVM CC test,0.9850249584026622,0.702655159144632,0.775
SVM CC val,1.0,1.0,1.0
SVM CC train,1.0,1.0,1.0
