Method_Category,Accuracy,Kappa,Roc
SVM CC,0.9850249584026622,0.702655159144632,0.775
SVM D,0.4904564315352697,0.3325087465739953,0.7835994025453895
SVM Y,0.3655115511551155,0.2945322594196415,0.7840789034854244
SVM CC test,0.9858569051580699,0.7234388111414882,0.7875
SVM CC val,0.9766472060050042,0.47155674484495513,0.6697606419148647
SVM CC train,1.0,1.0,1.0
